{
  "average_efficiency": 0.42211881704235144,
  "average_speedup": 1.1551249033125033,
  "max_speedup": 1.6915803660018518,
  "optimal_thread_count": 1,
  "scaling_efficiency": 0.026032839815918123
}