{
  "average_efficiency": 0.4722146009013685,
  "average_speedup": 1.3833638092879086,
  "max_speedup": 3.303856677723597,
  "optimal_thread_count": 1,
  "scaling_efficiency": 0.051336736459595085
}