{
  "average_efficiency": 0.4264056197486451,
  "average_speedup": 1.1463135800788904,
  "max_speedup": 1.85397823226377,
  "optimal_thread_count": 1,
  "scaling_efficiency": 0.0328795591035594
}